{
"lengthUnit": "mil",
"components": {
	"fields": ["COMPONENT_NO", "COMPONENT_NAME", "LAYER", "X_COORDINATE", "Y_COORDINATE", "ANGLE"],
	"rows": [
		[1, "C1", "T", 4330, -370, 90],
		[2, "C2", "T", 6610, 725, 0],
		[3, "C3", "T", 7395, -2050, 0],
		[4, "PR1", "T", 4535, 1165, 0],
		[5, "R1", "T", 5335, -2005, 0],
		[6, "R2", "T", 4890, 685, 0],
		[7, "R3", "T", 5340, -865, 0],
		[8, "R4", "T", 9135, 125, 0],
		[9, "R5", "T", 8520, -730, 180],
		[10, "R6", "T", 9430, -780, 0],
		[11, "R7", "T", 9580, 600, 180],
		[12, "SineWave", "T", 7925, 2470, 0],
		[13, "SquareWave", "T", 5570, 2455, 0],
		[14, "TriangleWave", "T", 6874.24, 2395.67, 0],
		[15, "U1", "T", 5850, -290, 0],
		[16, "U2", "T", 3990, -1170, 90],
		[17, "U3", "T", 7120, -265, 0],
		[18, "U4", "T", 5835, 710, 0],
		[19, "U5", "T", 6825, -1290, 0],
		[20, "U6", "T", 8425, -280, 0],
		[21, "U7", "T", 7695, -1200, 0],
		[22, "U8", "T", 9800, -140, 0],
		[23, "V-", "T", 7115, -2955, 270],
		[24, "V+", "T", 7072.31, 1863.94, 0]
	]
},
"pins": {
	"fields": ["PIN_NO", "PIN_NAME", "PIN_X", "PIN_Y", "LAYER", "PIN_TYPE", "NET_NAME", "NET_TYPE", "PAD_SHAPE", "PAD_SIZEX", "PAD_SIZEY", "HOLE_SIZE", "PAD_ANGLE"],
	"rows": [
		[1, "C1_1", 4330, -566.85, "T", "DIP", "GND", "GND", "C", 62.99, 62.99, 39.37, 90],
		[2, "C1_1", 4330, -566.85, "B", "DIP", "GND", "GND", "C", 62.99, 62.99, 39.37, 90],
		[3, "C1_2", 4330, -173.15, "T", "DIP", "$1N1815", "", "C", 62.99, 62.99, 39.37, 90],
		[4, "C1_2", 4330, -173.15, "B", "DIP", "$1N1815", "", "C", 62.99, 62.99, 39.37, 90],
		[5, "C2_1", 6511.58, 725, "T", "DIP", "$1N1921", "", "C", 62.99, 62.99, 39.37, 0],
		[6, "C2_1", 6511.58, 725, "B", "DIP", "$1N1921", "", "C", 62.99, 62.99, 39.37, 0],
		[7, "C2_2", 6708.42, 725, "T", "DIP", "$1N1950", "", "C", 62.99, 62.99, 39.37, 0],
		[8, "C2_2", 6708.42, 725, "B", "DIP", "$1N1950", "", "C", 62.99, 62.99, 39.37, 0],
		[9, "C3_1", 7296.58, -2026.38, "T", "DIP", "$1N2018", "", "C", 60, 60, 36, 0],
		[10, "C3_1", 7296.58, -2026.38, "B", "DIP", "$1N2018", "", "C", 60, 60, 36, 0],
		[11, "C3_2", 7493.42, -2073.62, "T", "DIP", "$1N2078", "", "C", 60, 60, 36, 0],
		[12, "C3_2", 7493.42, -2073.62, "B", "DIP", "$1N2078", "", "C", 60, 60, 36, 0],
		[13, "PR1_1", 4585, 1065, "T", "DIP", "$1N1821", "", "C", 62.99, 62.99, 39.37, 270],
		[14, "PR1_1", 4585, 1065, "B", "DIP", "$1N1821", "", "C", 62.99, 62.99, 39.37, 270],
		[15, "PR1_2", 4485, 1165, "T", "DIP", "$1N1821", "", "C", 62.99, 62.99, 39.37, 270],
		[16, "PR1_2", 4485, 1165, "B", "DIP", "$1N1821", "", "C", 62.99, 62.99, 39.37, 270],
		[17, "PR1_3", 4585, 1265, "T", "DIP", "$1N1815", "", "C", 62.99, 62.99, 39.37, 270],
		[18, "PR1_3", 4585, 1265, "B", "DIP", "$1N1815", "", "C", 62.99, 62.99, 39.37, 270],
		[19, "R1_1", 5128.31, -2005, "T", "DIP", "GND", "GND", "C", 62.99, 62.99, 36, 0],
		[20, "R1_1", 5128.31, -2005, "B", "DIP", "GND", "GND", "C", 62.99, 62.99, 36, 0],
		[21, "R1_2", 5541.69, -2005, "T", "DIP", "$1N1857", "", "C", 62.99, 62.99, 36, 0],
		[22, "R1_2", 5541.69, -2005, "B", "DIP", "$1N1857", "", "C", 62.99, 62.99, 36, 0],
		[23, "R2_1", 4687.24, 685, "T", "DIP", "$1N1821", "", "C", 60, 60, 39.37, 0],
		[24, "R2_1", 4687.24, 685, "B", "DIP", "$1N1821", "", "C", 60, 60, 39.37, 0],
		[25, "R2_2", 5092.76, 685, "T", "DIP", "$1N1921", "", "C", 60, 60, 39.37, 0],
		[26, "R2_2", 5092.76, 685, "B", "DIP", "$1N1921", "", "C", 60, 60, 39.37, 0],
		[27, "R3_1", 5137.24, -865, "T", "DIP", "GND", "GND", "C", 60, 60, 39.37, 0],
		[28, "R3_1", 5137.24, -865, "B", "DIP", "GND", "GND", "C", 60, 60, 39.37, 0],
		[29, "R3_2", 5542.76, -865, "T", "DIP", "$1N1926", "", "C", 60, 60, 39.37, 0],
		[30, "R3_2", 5542.76, -865, "B", "DIP", "$1N1926", "", "C", 60, 60, 39.37, 0],
		[31, "R4_1", 8932.24, 125, "T", "DIP", "GND", "GND", "C", 60, 60, 39.37, 0],
		[32, "R4_1", 8932.24, 125, "B", "DIP", "GND", "GND", "C", 60, 60, 39.37, 0],
		[33, "R4_2", 9337.76, 125, "T", "DIP", "$1N2023", "", "C", 60, 60, 39.37, 0],
		[34, "R4_2", 9337.76, 125, "B", "DIP", "$1N2023", "", "C", 60, 60, 39.37, 0],
		[35, "R5_1", 8722.76, -730, "T", "DIP", "$1N2108", "", "C", 60, 60, 39.37, 180],
		[36, "R5_1", 8722.76, -730, "B", "DIP", "$1N2108", "", "C", 60, 60, 39.37, 180],
		[37, "R5_2", 8317.24, -730, "T", "DIP", "$1N2078", "", "C", 60, 60, 39.37, 180],
		[38, "R5_2", 8317.24, -730, "B", "DIP", "$1N2078", "", "C", 60, 60, 39.37, 180],
		[39, "R6_1", 9227.24, -780, "T", "DIP", "GND", "GND", "C", 60, 60, 39.37, 0],
		[40, "R6_1", 9227.24, -780, "B", "DIP", "GND", "GND", "C", 60, 60, 39.37, 0],
		[41, "R6_2", 9632.76, -780, "T", "DIP", "$1N2113", "", "C", 60, 60, 39.37, 0],
		[42, "R6_2", 9632.76, -780, "B", "DIP", "$1N2113", "", "C", 60, 60, 39.37, 0],
		[43, "R7_1", 9786.69, 600, "T", "DIP", "$1N2108", "", "C", 62.99, 62.99, 36, 180],
		[44, "R7_1", 9786.69, 600, "B", "DIP", "$1N2108", "", "C", 62.99, 62.99, 36, 180],
		[45, "R7_2", 9373.31, 600, "T", "DIP", "$1N2148", "", "C", 62.99, 62.99, 36, 180],
		[46, "R7_2", 9373.31, 600, "B", "DIP", "$1N2148", "", "C", 62.99, 62.99, 36, 180],
		[47, "SineWave_1", 7925, 2470, "T", "DIP", "$1N2148", "", "R", 55.12, 55.12, 35.43, 0],
		[48, "SineWave_1", 7925, 2470, "B", "DIP", "$1N2148", "", "R", 55.12, 55.12, 35.43, 0],
		[49, "SquareWave_1", 5570, 2455, "T", "DIP", "$1N1821", "", "R", 55.12, 55.12, 35.43, 0],
		[50, "SquareWave_1", 5570, 2455, "B", "DIP", "$1N1821", "", "R", 55.12, 55.12, 35.43, 0],
		[51, "TriangleWave_1", 6874.24, 2395.67, "T", "DIP", "$1N1950", "", "R", 55.12, 55.12, 35.43, 0],
		[52, "TriangleWave_1", 6874.24, 2395.67, "B", "DIP", "$1N1950", "", "R", 55.12, 55.12, 35.43, 0],
		[53, "U1_1", 5700, -445.51, "T", "DIP", "$1N1821", "", "C", 70.87, 70.87, 43.31, 90],
		[54, "U1_1", 5700, -445.51, "B", "DIP", "$1N1821", "", "C", 70.87, 70.87, 43.31, 90],
		[55, "U1_2", 5800, -445.51, "T", "DIP", "$1N1815", "", "C", 70.87, 70.87, 43.31, 90],
		[56, "U1_2", 5800, -445.51, "B", "DIP", "$1N1815", "", "C", 70.87, 70.87, 43.31, 90],
		[57, "U1_3", 5900, -445.51, "T", "DIP", "$1N1857", "", "C", 70.87, 70.87, 43.31, 90],
		[58, "U1_3", 5900, -445.51, "B", "DIP", "$1N1857", "", "C", 70.87, 70.87, 43.31, 90],
		[59, "U1_4", 6000, -445.51, "T", "DIP", "$1N2275", "", "C", 70.87, 70.87, 43.31, 90],
		[60, "U1_4", 6000, -445.51, "B", "DIP", "$1N2275", "", "C", 70.87, 70.87, 43.31, 90],
		[61, "U1_5", 6000, -134.49, "T", "DIP", "U1_5", "", "C", 70.87, 70.87, 43.31, 90],
		[62, "U1_5", 6000, -134.49, "B", "DIP", "U1_5", "", "C", 70.87, 70.87, 43.31, 90],
		[63, "U1_6", 5900, -134.49, "T", "DIP", "U1_6", "", "C", 70.87, 70.87, 43.31, 90],
		[64, "U1_6", 5900, -134.49, "B", "DIP", "U1_6", "", "C", 70.87, 70.87, 43.31, 90],
		[65, "U1_7", 5800, -134.49, "T", "DIP", "U1_7", "", "C", 70.87, 70.87, 43.31, 90],
		[66, "U1_7", 5800, -134.49, "B", "DIP", "U1_7", "", "C", 70.87, 70.87, 43.31, 90],
		[67, "U1_8", 5700, -134.49, "T", "DIP", "$1N2211", "", "C", 70.87, 70.87, 43.31, 90],
		[68, "U1_8", 5700, -134.49, "B", "DIP", "$1N2211", "", "C", 70.87, 70.87, 43.31, 90],
		[69, "U2_1", 3990, -1370.79, "T", "DIP", "$1N1857", "", "C", 55.12, 55.12, 31.5, 90],
		[70, "U2_1", 3990, -1370.79, "B", "DIP", "$1N1857", "", "C", 55.12, 55.12, 31.5, 90],
		[71, "U2_2", 3990, -969.21, "T", "DIP", "$1N1821", "", "C", 55.12, 55.12, 31.5, 90],
		[72, "U2_2", 3990, -969.21, "B", "DIP", "$1N1821", "", "C", 55.12, 55.12, 31.5, 90],
		[73, "U3_1", 6970, -420.51, "T", "DIP", "$1N1950", "", "C", 70.87, 70.87, 43.31, 90],
		[74, "U3_1", 6970, -420.51, "B", "DIP", "$1N1950", "", "C", 70.87, 70.87, 43.31, 90],
		[75, "U3_2", 7070, -420.51, "T", "DIP", "$1N1921", "", "C", 70.87, 70.87, 43.31, 90],
		[76, "U3_2", 7070, -420.51, "B", "DIP", "$1N1921", "", "C", 70.87, 70.87, 43.31, 90],
		[77, "U3_3", 7170, -420.51, "T", "DIP", "$1N1926", "", "C", 70.87, 70.87, 43.31, 90],
		[78, "U3_3", 7170, -420.51, "B", "DIP", "$1N1926", "", "C", 70.87, 70.87, 43.31, 90],
		[79, "U3_4", 7270, -420.51, "T", "DIP", "$1N2275", "", "C", 70.87, 70.87, 43.31, 90],
		[80, "U3_4", 7270, -420.51, "B", "DIP", "$1N2275", "", "C", 70.87, 70.87, 43.31, 90],
		[81, "U3_5", 7270, -109.49, "T", "DIP", "U3_5", "", "C", 70.87, 70.87, 43.31, 90],
		[82, "U3_5", 7270, -109.49, "B", "DIP", "U3_5", "", "C", 70.87, 70.87, 43.31, 90],
		[83, "U3_6", 7170, -109.49, "T", "DIP", "U3_6", "", "C", 70.87, 70.87, 43.31, 90],
		[84, "U3_6", 7170, -109.49, "B", "DIP", "U3_6", "", "C", 70.87, 70.87, 43.31, 90],
		[85, "U3_7", 7070, -109.49, "T", "DIP", "U3_7", "", "C", 70.87, 70.87, 43.31, 90],
		[86, "U3_7", 7070, -109.49, "B", "DIP", "U3_7", "", "C", 70.87, 70.87, 43.31, 90],
		[87, "U3_8", 6970, -109.49, "T", "DIP", "$1N2211", "", "C", 70.87, 70.87, 43.31, 90],
		[88, "U3_8", 6970, -109.49, "B", "DIP", "$1N2211", "", "C", 70.87, 70.87, 43.31, 90],
		[89, "U4_1", 5634.21, 710, "T", "DIP", "$1N1921", "", "C", 55.12, 55.12, 31.5, 0],
		[90, "U4_1", 5634.21, 710, "B", "DIP", "$1N1921", "", "C", 55.12, 55.12, 31.5, 0],
		[91, "U4_2", 6035.79, 710, "T", "DIP", "$1N1950", "", "C", 55.12, 55.12, 31.5, 0],
		[92, "U4_2", 6035.79, 710, "B", "DIP", "$1N1950", "", "C", 55.12, 55.12, 31.5, 0],
		[93, "U5_1", 6624.21, -1290, "T", "DIP", "$1N1950", "", "C", 55.12, 55.12, 31.5, 0],
		[94, "U5_1", 6624.21, -1290, "B", "DIP", "$1N1950", "", "C", 55.12, 55.12, 31.5, 0],
		[95, "U5_2", 7025.79, -1290, "T", "DIP", "$1N2018", "", "C", 55.12, 55.12, 31.5, 0],
		[96, "U5_2", 7025.79, -1290, "B", "DIP", "$1N2018", "", "C", 55.12, 55.12, 31.5, 0],
		[97, "U6_1", 8275, -435.51, "T", "DIP", "$1N2078", "", "C", 70.87, 70.87, 43.31, 90],
		[98, "U6_1", 8275, -435.51, "B", "DIP", "$1N2078", "", "C", 70.87, 70.87, 43.31, 90],
		[99, "U6_2", 8375, -435.51, "T", "DIP", "$1N2018", "", "C", 70.87, 70.87, 43.31, 90],
		[100, "U6_2", 8375, -435.51, "B", "DIP", "$1N2018", "", "C", 70.87, 70.87, 43.31, 90],
		[101, "U6_3", 8475, -435.51, "T", "DIP", "$1N2023", "", "C", 70.87, 70.87, 43.31, 90],
		[102, "U6_3", 8475, -435.51, "B", "DIP", "$1N2023", "", "C", 70.87, 70.87, 43.31, 90],
		[103, "U6_4", 8575, -435.51, "T", "DIP", "$1N2275", "", "C", 70.87, 70.87, 43.31, 90],
		[104, "U6_4", 8575, -435.51, "B", "DIP", "$1N2275", "", "C", 70.87, 70.87, 43.31, 90],
		[105, "U6_5", 8575, -124.49, "T", "DIP", "U6_5", "", "C", 70.87, 70.87, 43.31, 90],
		[106, "U6_5", 8575, -124.49, "B", "DIP", "U6_5", "", "C", 70.87, 70.87, 43.31, 90],
		[107, "U6_6", 8475, -124.49, "T", "DIP", "U6_6", "", "C", 70.87, 70.87, 43.31, 90],
		[108, "U6_6", 8475, -124.49, "B", "DIP", "U6_6", "", "C", 70.87, 70.87, 43.31, 90],
		[109, "U6_7", 8375, -124.49, "T", "DIP", "U6_7", "", "C", 70.87, 70.87, 43.31, 90],
		[110, "U6_7", 8375, -124.49, "B", "DIP", "U6_7", "", "C", 70.87, 70.87, 43.31, 90],
		[111, "U6_8", 8275, -124.49, "T", "DIP", "$1N2211", "", "C", 70.87, 70.87, 43.31, 90],
		[112, "U6_8", 8275, -124.49, "B", "DIP", "$1N2211", "", "C", 70.87, 70.87, 43.31, 90],
		[113, "U7_1", 7494.21, -1200, "T", "DIP", "$1N2018", "", "C", 55.12, 55.12, 31.5, 0],
		[114, "U7_1", 7494.21, -1200, "B", "DIP", "$1N2018", "", "C", 55.12, 55.12, 31.5, 0],
		[115, "U7_2", 7895.79, -1200, "T", "DIP", "$1N2078", "", "C", 55.12, 55.12, 31.5, 0],
		[116, "U7_2", 7895.79, -1200, "B", "DIP", "$1N2078", "", "C", 55.12, 55.12, 31.5, 0],
		[117, "U8_1", 9650, -295.51, "T", "DIP", "$1N2148", "", "C", 70.87, 70.87, 43.31, 90],
		[118, "U8_1", 9650, -295.51, "B", "DIP", "$1N2148", "", "C", 70.87, 70.87, 43.31, 90],
		[119, "U8_2", 9750, -295.51, "T", "DIP", "$1N2108", "", "C", 70.87, 70.87, 43.31, 90],
		[120, "U8_2", 9750, -295.51, "B", "DIP", "$1N2108", "", "C", 70.87, 70.87, 43.31, 90],
		[121, "U8_3", 9850, -295.51, "T", "DIP", "$1N2113", "", "C", 70.87, 70.87, 43.31, 90],
		[122, "U8_3", 9850, -295.51, "B", "DIP", "$1N2113", "", "C", 70.87, 70.87, 43.31, 90],
		[123, "U8_4", 9950, -295.51, "T", "DIP", "$1N2275", "", "C", 70.87, 70.87, 43.31, 90],
		[124, "U8_4", 9950, -295.51, "B", "DIP", "$1N2275", "", "C", 70.87, 70.87, 43.31, 90],
		[125, "U8_5", 9950, 15.51, "T", "DIP", "U8_5", "", "C", 70.87, 70.87, 43.31, 90],
		[126, "U8_5", 9950, 15.51, "B", "DIP", "U8_5", "", "C", 70.87, 70.87, 43.31, 90],
		[127, "U8_6", 9850, 15.51, "T", "DIP", "U8_6", "", "C", 70.87, 70.87, 43.31, 90],
		[128, "U8_6", 9850, 15.51, "B", "DIP", "U8_6", "", "C", 70.87, 70.87, 43.31, 90],
		[129, "U8_7", 9750, 15.51, "T", "DIP", "U8_7", "", "C", 70.87, 70.87, 43.31, 90],
		[130, "U8_7", 9750, 15.51, "B", "DIP", "U8_7", "", "C", 70.87, 70.87, 43.31, 90],
		[131, "U8_8", 9650, 15.51, "T", "DIP", "$1N2211", "", "C", 70.87, 70.87, 43.31, 90],
		[132, "U8_8", 9650, 15.51, "B", "DIP", "$1N2211", "", "C", 70.87, 70.87, 43.31, 90],
		[133, "V-_1", 7115, -2905, "T", "DIP", "$1N2275", "", "R", 66.93, 66.93, 39.37, 270],
		[134, "V-_1", 7115, -2905, "B", "DIP", "$1N2275", "", "R", 66.93, 66.93, 39.37, 270],
		[135, "V-_2", 7115, -3005, "T", "DIP", "GND", "GND", "C", 66.93, 66.93, 39.37, 270],
		[136, "V-_2", 7115, -3005, "B", "DIP", "GND", "GND", "C", 66.93, 66.93, 39.37, 270],
		[137, "V+_1", 7022.31, 1863.94, "T", "DIP", "$1N2211", "", "R", 66.93, 66.93, 39.37, 0],
		[138, "V+_1", 7022.31, 1863.94, "B", "DIP", "$1N2211", "", "R", 66.93, 66.93, 39.37, 0],
		[139, "V+_2", 7122.31, 1863.94, "T", "DIP", "GND", "GND", "C", 66.93, 66.93, 39.37, 0],
		[140, "V+_2", 7122.31, 1863.94, "B", "DIP", "GND", "GND", "C", 66.93, 66.93, 39.37, 0]
	]
}
}